{
    "accuracy": 0.905,
    "precision": 0.2631578947368421,
    "recall": 0.05813953488372093,
    "f1_score": 0.09523809523809523,
    "auc": 0.7517174698488627
}